도시코드,위도,경도,정류소ID,정류소명,정류소번호
38070,35.12471,128.9679,GHB5690,상수도사상가압장,6690
21,35.124711007662,128.967932058784,BSB518350000,상수도사상가압장,15291
38070,35.12564,128.9676,GHB5153,엄궁한신1차아파트,6153
38070,35.12549,128.9678,GHB5126,엄궁한신1차아파트,6126
21,35.125707769017,128.96762112507,BSB195360401,엄궁한신1차아파트,15198
38070,35.12454,128.9682,GHB5692,상수도사상가압장,6692
21,35.124544316346,128.968207751296,BSB518360000,상수도사상가압장,15292
21,35.125645433877,128.968151660021,BSB194730101,엄궁한신1차아파트,15199
38070,35.12684,128.9666,GHB5691,엄궁농산물도매시장,6691
21,35.126849412119,128.966684321139,BSB194860201,엄궁농산물도매시장,15280
21,35.1271463026,128.9657406364,BSB194910201,엄궁화물터미널(종점),15197
38070,35.12411,128.9706,GHB5693,한신아파트정문,6693
38070,35.12427,128.9707,GHB5125,한신아파트정문,6125
21,35.1281237548,128.9666104741,BSB194860101,엄궁농산물도매시장,15267
21,35.12810775,128.9663334,BSB194890202,엄궁농산물도매시장,15263
21,35.12814807,128.9663481,BSB194890201,부산청과,
21,35.124002221937,128.970754563801,BSB194730201,한신아파트정문,15264
21,35.124294187429,128.970845180787,BSB194720303,한신아파트정문,15224
21,35.1284136516,128.9646047916,BSB201840201,엄궁농산물도매시장관리사업소,
38070,35.12844,128.9696,GHB5211,엄궁동주민센터,6211
38070,35.12841,128.97,GHB5209,엄궁동주민센터,6209
38070,35.12463,128.9753,GHB5651,쌍용스윗닷홈,6651
21,35.124632235908,128.97532860069,BSB194700202,쌍용스윗닷홈,15247
38070,35.12447,128.9754,GHB5121,쌍용스윗닷홈,6121
21,35.124458341619,128.975515684041,BSB194740101,쌍용스윗닷홈,15246
21,35.123597972721,128.973893085537,BSB194700204,대동아파트,15222
38070,35.12359,128.9738,GHB5650,대동아파트,6650
38070,35.12346,128.9739,GHB5123,대동아파트,6123
21,35.12340448333,128.974030909764,BSB194740102,대동아파트,15243
38070,35.12549,128.9766,GHB5695,코오롱아파트후문,6695
21,35.125455202471,128.976642242523,BSB194740103,코오롱아파트후문,15242
21,35.125872757222,128.976761512869,BSB194700201,코오롱아파트후문,15221
38070,35.12582,128.9768,GHB5120,코오롱아파트후문,6120
21,35.123318352721,128.972549115286,BSB194720301,한신아파트후문,15223
38070,35.12337,128.9724,GHB5124,한신아파트후문,6124
21,35.123602695178,128.972139338192,BSB194720302,엄궁(기점),
21,35.123111627041,128.972335310168,BSB194730202,한신아파트후문,15265
38070,35.12311,128.9723,GHB5694,한신아파트후문,6694
21,35.128566406414,128.974802284157,BSB194900101,엄궁롯데캐슬,15238
21,35.128372436795,128.972860787495,BSB201950202,엄궁초등학교,15237
21,35.128678704291,128.974573845678,BSB194690201,엄궁롯데캐슬,15239
38070,35.12738,128.9781,GHB5652,코오롱아파트정문,6652
21,35.127387947672,128.978114609271,BSB194700203,코오롱아파트정문,15220
38070,35.12731,128.9782,GHB5122,코오롱아파트정문,6122
21,35.127268207127,128.978360655918,BSB194740104,코오롱아파트정문,15241
21,35.128629522189,128.972866839578,BSB194710401,엄궁초등학교,15244
38070,35.12922,128.9757,GHB5118,엄궁초등학교.동백맨션,6118
21,35.129185520656,128.975893097109,BSB194690101,엄궁초등학교.동백맨션,15218
21,35.13051006,128.9671261,BSB195070202,농협공판장,15262
21,35.13042938,128.9670995,BSB195070201,엄궁농산물단지서비스동,
21,35.1303801296,128.9674095474,BSB194890101,농협공판장,15268
21,35.1320264772,128.9663479981,BSB195070301,철강단지,15192
21,35.128663368506,128.96979684654,BSB201950301,엄궁동행정복지센터,15201
38070,35.12944,128.9708,GHB5210,엄궁시장,6210
38070,35.13065,128.9714,GHB5208,엄궁삼거리,6208
21,35.128650675988,128.970301126485,BSB201940101,엄궁동행정복지센터,15200
21,35.130692309234,128.971445352412,BSB201930401,엄궁삼거리,15188
21,35.129753228504,128.971224819525,BSB201950102,엄궁시장,15189
21,35.128878047165,128.971176591424,BSB194710402,(구)엄궁동부산은행,15236
38070,35.13222,128.972,GHB5205,엄궁삼거리,6205
21,35.131901179409,128.972183949732,BSB201930101,엄궁삼거리,15187
38070,35.12897,128.9778,GHB5119,대림아파트,6119
21,35.129162301468,128.977539444455,BSB194700101,대림아파트,15240
21,35.128883891201,128.977605900574,BSB194690102,대림아파트,15219
38070,35.12888,128.9776,GHB5653,대림아파트,6653
38070,35.13629,128.9709,GHB5202,엄궁정비,6202
21,35.136283022625,128.970905623178,BSB201910101,엄궁정비,15184
38070,35.1366,128.9712,GHB5147,엄궁정비,6147
21,35.136619566065,128.971299282806,BSB195100301,엄궁정비,15179
21,35.140698902266,128.970096242751,BSB201890201,부산은행사상공단지점,15183
38070,35.1408,128.9701,GHB5200,부산은행사상공단지점,6200
21,35.136399346214,128.975078063494,BSB195100101,경동스틸,15177
21,35.136157022231,128.974181811726,BSB202040302,경동스틸,15178
38070,35.1367,128.976,GHB5189,엄궁중학교,6189
21,35.136722501524,128.976112418305,BSB201640303,엄궁중학교,15176
38070,35.1367,128.9762,GHB5143,엄궁중학교,6143
21,35.13663884648,128.976389320895,BSB195080101,엄궁중학교,15175
21,35.139061301908,128.977304618527,BSB195100102,케스텍코리아,15172
38070,35.13812,128.9782,GHB5144,반도보라아파트,6144
21,35.138101354544,128.978314216205,BSB195080102,반도보라아파트,15174
38070,35.1385,128.9785,GHB5188,반도보라아파트,6188
21,35.138558279396,128.978536521454,BSB201640302,반도보라아파트,15173
21,35.140114265917,128.977799022525,BSB202040301,케스텍코리아,15171
21,35.133467365361,128.973719554886,BSB195080201,엄궁럭키아파트,15216
38070,35.13343,128.9737,GHB5146,엄궁럭키아파트,6146
21,35.134018149713,128.971343498306,BSB201910102,중고차매매시장,15185
38070,35.13404,128.9713,GHB5203,중고차매매시장,6203
21,35.133168658107,128.973918076356,BSB201930202,엄궁럭키아파트,15186
38070,35.13308,128.9737,GHB5207,엄궁럭키아파트,6207
21,35.139928374097,128.981674806121,BSB195080103,학장중학교,15168
38070,35.14001,128.9816,GHB5145,학장중학교,6145
38070,35.14012,128.9815,GHB5187,학장중학교,6187
21,35.14018959292,128.981534480333,BSB201640301,학장중학교,15167
38070,35.14136,128.9834,GHB5142,학장교,6142
21,35.141407847575,128.983484680872,BSB195060301,학장교,15166
21,35.141458456392,128.983832049856,BSB201640101,학장교,15165
38070,35.14147,128.9838,GHB5186,학장교,6186
21,35.139278815945,128.991502603099,BSB201650103,구덕고교,15158
21,35.139460577046,128.991147144114,BSB201650104,구덕고등학교,
21,35.139643217624,128.991749115444,BSB194430301,구덕고교,15161
21,35.139434725304,128.992142394082,BSB194430303,구덕고등학교,
21,35.140209554656,128.989600262162,BSB201650101,여성문화회관,15157
21,35.140259472886,128.989546375487,BSB201650105,여성문화회관,
21,35.13618770541,128.993006914436,BSB219540101,구덕대림아파트,
21,35.138531150017,128.993417492247,BSB194430304,구덕극동아파트,
21,35.137268486846,128.993679505807,BSB196010101,구학초등학교,
21,35.140575734043,128.989832486624,BSB194430302,여성문화회관,15162
21,35.137626357834,128.993721868894,BSB194430201,구학초등학교,
21,35.137029979133,128.994553289643,BSB194430101,구학초등학교,15159
21,35.141432521298,128.989039302536,BSB194430305,축산물도매시장,
21,35.137351906443,128.994819058007,BSB194440202,구학초등학교,
21,35.137293192564,128.994875481295,BSB194440201,구학초등학교,15160
38070,35.14387,128.9695,GHB5198,감전교차로,6198
21,35.14385906553,128.969505858899,BSB201800301,감전교차로,15182
38070,35.14408,128.9698,GHB5199,감전교차로,6199
21,35.144098848356,128.969903135688,BSB201860301,감전교차로,15181
38070,35.14198,128.9702,GHB5201,부산은행사상공단지점,6201
21,35.141997254042,128.970304480469,BSB201890401,부산은행사상공단지점,15180
21,35.143961746373,128.97174241059,BSB201810201,진성철강,15276
21,35.144195247226,128.971791929781,BSB202040401,진성철강,15275
21,35.142761839099,128.975696007652,BSB202040402,학장자동차운전학원,15273
21,35.142510502501,128.975635076096,BSB201810202,학장자동차운전학원,15274
21,35.142153607562,128.977348913664,BSB202040403,화진철강,15271
21,35.141921093953,128.977239063105,BSB201810203,화진철강,15272
21,35.142360888546,128.979670382228,BSB194510302,유유철강,15170
21,35.142454631923,128.980009182318,BSB202040101,유유철강,15169
38070,35.14521,128.9845,GHB5141,학장초등학교,6141
21,35.145134970571,128.984673007581,BSB195060101,학장초등학교,15148
38070,35.14563,128.9845,GHB5140,학장초등학교,6140
21,35.145670636538,128.984498022734,BSB195050301,학장초등학교,15147
21,35.146664721404,128.980784011106,BSB194510301,경북철강,15145
21,35.146021644638,128.985230790355,BSB195050201,학장초등학교,15260
21,35.147065915296,128.981185030927,BSB194510101,경북철강,15146
21,35.142634591249,128.986241696285,BSB195060201,학장교차로,15164
21,35.142987192188,128.986464463239,BSB194460401,학장교차로,15163
38070,35.14765,128.9839,GHB5139,진흥스틸,6139
21,35.147746844513,128.983929133595,BSB195040401,진흥스틸,15248
21,35.14332091371,128.990537173383,BSB219380102,동양아파트16동,
21,35.143563483572,128.988507844881,BSB194460502,학장교차로,
21,35.144615673365,128.990887303271,BSB194460501,동양아파트,
21,35.14475779515,128.991211039145,BSB194460201,동양아파트,15154
21,35.144816900562,128.988456894235,BSB194460101,학장교차로,15155
21,35.144017768837,128.992002361903,BSB219380101,동양아파트13동,
21,35.142317576572,128.988526966528,BSB219380103,학장동행정복지센터,
21,35.144708612737,128.987910726121,BSB195230201,학장교차로,15156
21,35.145654850069,128.987338357971,BSB195050202,학장동 종점,
21,35.145833314983,128.992872453544,BSB194450402,학장,15153
21,35.145873274513,128.992957669208,BSB194450502,학장,
21,35.147268634027,128.989079762959,BSB195120101,사상전화국,15150
21,35.147552586563,128.988649121374,BSB194770401,사상전화국,15149
21,35.145828021206,129.000869161127,BSB194620201,주례지구대,
21,35.146450987979,128.994909060237,BSB194460202,다누림센터·부산구치소,15152
21,35.146317962636,128.994653157502,BSB219770201,다누림센터.부산구치소,
21,35.14540296866,129.001365263584,BSB195900103,주례벽산아파트,
21,35.146011778426,129.00087760871,BSB194650301,주례지구대,
21,35.146716845756,128.99485667982,BSB194450501,다누림센터.부산구치소,
21,35.145516779249,129.001579316977,BSB195910102,주례벽산아파트,
21,35.146679444378,128.994763862009,BSB194450401,다누림센터·부산구치소,15151
21,35.145370916569,129.002272977917,BSB195900102,일신주택입구,
21,35.145498387485,129.002273958219,BSB195910101,일신주택입구,
21,35.14803421096,128.998463950383,BSB219770202,주남교,
21,35.144739306731,129.005619011828,BSB210560202,현대무지개아파트,
21,35.144783381243,129.005794898617,BSB210580102,현대무지개아파트,
21,35.145077642666,129.005510223874,BSB210560203,현대무지개아파트관리사무소,
21,35.145113632029,129.005828047757,BSB210580103,현대무지개아파트관리사무소,
21,35.14512613372,129.003192445922,BSB195900101,일신주택,
21,35.145872616905,129.006294147634,BSB210560201,동서대글로벌빌리지,
21,35.145905833418,129.006465022162,BSB210580101,동서대글로벌빌리지,
21,35.146505776481,129.007782663414,BSB195640101,주례열린도서관,
21,35.146642641006,129.007681780861,BSB195650201,주례열린도서관,
21,35.146540778488,129.008135717684,BSB195660102,동서대글로벌빌리지,
21,35.146695545768,129.008115853156,BSB194640202,동서대글로벌빌리지,
21,35.146129061875,129.009035123903,BSB219040101,동서대스튜던트프라자,
21,35.147588548132,129.006268413487,BSB195630101,동주초등학교,
21,35.14760218499,129.00642335518,BSB195640301,동주초등학교,
21,35.146600984485,129.009107070362,BSB195660101,동서대KIT생활관,
21,35.146753029975,129.009176638589,BSB194640201,동서대KIT생활관,
21,35.144457618131,129.011820583275,BSB195930102,동서대학교,
21,35.144586960511,129.011816837982,BSB172950202,동서대학교,
21,35.144360821026,129.014578787946,BSB195930101,동서대입구,
21,35.144505314329,129.01456040725,BSB172950201,동서대입구,
21,35.145476993502,129.014223348933,BSB172930101,주례여자고등학교,
21,35.145633992011,129.014014534082,BSB195860101,주례여자고등학교,
21,35.145485102487,129.014433614451,BSB172940201,주례여자고등학교,
21,35.146527095201,129.01294711728,BSB195850101,광우맨션,
21,35.146256418341,129.010865009732,BSB219040201,경남정보대미래관,
21,35.146780545907,129.014032257752,BSB213960101,유림빌라,
21,35.146911962594,129.013174220846,BSB213470101,경남정보대50주년기념관,
21,35.146680070072,129.010323951021,BSB195660103,동서대후문,
21,35.146851671088,129.010301546998,BSB194640203,동서대후문,
21,35.147494927838,129.011444075194,BSB217730101,경남정보대분수대,
21,35.147561928703,129.011207103418,BSB217720201,경남정보대분수대,
21,35.147917349174,129.013020500776,BSB195850201,주례중학교,
21,35.14763633588,129.0105259273,BSB195680201,경남정보대입구,
21,35.148233677956,129.01281192489,BSB195830201,경남정보대학교,
38070,35.14919,128.9711,GHB5152,감전동,6152
21,35.149189700195,128.971135442115,BSB195290301,감전동,15143
38070,35.14835,128.9712,GHB5197,감전동,6197
21,35.14829539015,128.971267508208,BSB201790101,감전동,15144
21,35.151420999099,128.976546941142,BSB201680101,낙동대교입구,15142
21,35.15262539652,128.976565811048,BSB201690101,낙동대교입구,15141
21,35.151053194633,128.978673272229,BSB201690201,주물공단입구,15140
21,35.151603767322,128.978673456317,BSB201720401,주물공단입구,15008
21,35.154173859048,128.972880390707,BSB201770301,부산전문장례식장,
38070,35.15423,128.9729,GHB5471,부산전문장례식장,6471
21,35.149589513993,128.981856701205,BSB201740101,명성레이저,15206
38070,35.14928,128.9816,GHB5194,명성레이저,6194
38070,35.15189,128.9821,GHB5193,대풍주유소,6193
21,35.152435515656,128.982542969482,BSB201730101,대풍주유소,15136
38070,35.15249,128.9824,GHB5191,대풍주유소,6191
21,35.152532772791,128.982260262141,BSB201730301,대풍주유소,15139
21,35.150452794914,128.985437828069,BSB195110401,학장입구,15135
21,35.149566352017,128.985426046216,BSB195110301,학장입구,15207
38070,35.14943,128.9855,GHB5148,학장입구,6148
21,35.149805300447,128.986051927622,BSB195110201,학장입구,15134
38070,35.15396,128.9826,GHB5138,새벽시장,6138
21,35.153987636982,128.982637957388,BSB194990301,새벽시장,15138
21,35.154169038712,128.982974291665,BSB201730102,새벽시장,15137
38070,35.15424,128.9829,GHB5192,새벽시장,6192
21,35.149809036594,128.989964496386,BSB201530306,한국가스,
21,35.151040768675,128.989936996842,BSB195270103,쌍용자동차,
21,35.149344871615,128.991154438943,BSB194770201,사상전화국,15130
21,35.151433737457,128.989766174003,BSB195140301,사상구청,15132
21,35.151050757442,128.987799695502,BSB208250101,중고차매매시장,15205
21,35.1499335407,128.99234180026,BSB201530302,사상전화국,15129
21,35.149939408932,128.992483137493,BSB201530305,사상전화국,
21,35.152354074182,128.990288022736,BSB195270102,사상구청,
21,35.152770337471,128.990415548842,BSB195270101,사상구청,15131
21,35.149533840735,128.994203597751,BSB194770202,부산구치소,15128
21,35.149890917189,128.998765049988,BSB194770203,주례교차로,15126
21,35.151104031249,128.997984517851,BSB194920103,주례새마을금고본점,
21,35.150396650405,128.998888183492,BSB201530304,주례교차로,
38070,35.15087,128.9986,GHB5131,주례우체국,6131
21,35.150172845796,128.996105130212,BSB201530303,대림정밀,
21,35.15032628154,128.999096050278,BSB511580000,주례교차로,15708
21,35.151323649339,128.997509425675,BSB194920102,주례우체국,15122
38070,35.15119,128.9983,GHB5180,주례우체국,6180
21,35.151644050366,128.99742860214,BSB201530402,주례우체국,15121
21,35.149403312692,128.999763678586,BSB201530201,주례사거리,15125
21,35.149810584351,128.999893122253,BSB201530202,주례사거리,
21,35.149149416818,129.000006313021,BSB194450101,주례사거리,15124
21,35.149080215517,128.999986313807,BSB194450102,주례사거리,
21,35.147957388024,128.999810412218,BSB194450301,신진정비공장,
21,35.152630185338,128.9955946139,BSB201530403,온골마을입구,15283
38070,35.15266,128.9955,GHB5466,온골마을입구,6466
21,35.150116308766,129.00145357633,BSB201530102,농협주례동지점,
21,35.152665267225,128.995107180583,BSB195130104,온골마을입구,15284
38070,35.15271,128.995,GHB5465,온골마을입구,6465
21,35.152644408547,129.001071664738,BSB194540201,주감초등학교,15104
21,35.153928358995,128.99738849575,BSB201600104,백양마을,15102
21,35.150199598757,129.002434200016,BSB201530103,럭키아파트.주례역,
21,35.154026466715,128.997935436178,BSB194540301,백양마을,15101
21,35.154039872157,128.997050613375,BSB213000105,백양마을,
21,35.15294601344,129.001068359735,BSB195310301,주감초등학교,15103
21,35.150709224066,129.00261251847,BSB201540302,주례역6번출구,
21,35.15259660352,129.001646410717,BSB195310201,주감초등학교,
21,35.153297701161,128.994218504771,BSB195130103,삼덕라이닝,
21,35.154445465634,128.99818568808,BSB195350201,주례동일1차아파트,
21,35.150480892792,129.005700157761,BSB201550102,주례럭키아파트.주례역,
21,35.14971704759,129.006128513237,BSB201570401,주례아파트,
21,35.149483688332,129.005982580871,BSB213450201,주례아파트,
21,35.150812202304,129.004862883179,BSB511560000,주례역,15706
21,35.150800068319,129.004780279112,BSB511660000,주례역,
21,35.150516484432,129.006241502766,BSB511100000,좋은삼선병원,
38070,35.15067,129.0044,GHB5261,주례역,6261
21,35.150340232623,129.004132938947,BSB201550103,주례역,
21,35.150420740756,129.0040138924,BSB511650000,주례역,
21,35.150857923874,129.004315428196,BSB201560304,주례역2번출구,
21,35.150413093669,129.003931413629,BSB511570000,주례역,15705
21,35.149388181204,129.004057141945,BSB195620201,주례럭키아파트,
38070,35.15045,129.0036,GHB5179,주례역,6179
38070,35.15084,129.008,GHB5181,좋은삼선병원,6181
21,35.150758982609,129.00807641759,BSB511550000,좋은삼선병원,15703
21,35.150766808693,129.00814792923,BSB511630000,좋은삼선병원,
21,35.152469556136,129.0041339811,BSB195320201,보훈병원,15106
21,35.150709874099,129.008594272715,BSB201560102,좋은삼선병원,
21,35.152781831565,129.004365300592,BSB194680301,보훈병원,15105
38070,35.15106,129.0087,GHB5682,좋은삼선병원,6682
21,35.153052478945,129.005496025993,BSB194680401,부산보훈병원,
21,35.153098389728,129.00524865173,BSB195480201,부산보훈병원,
21,35.151133233935,129.008875617724,BSB511640000,좋은삼선병원,
21,35.151140877613,129.008958097521,BSB511540000,좋은삼선병원,15704
21,35.150804920061,129.009789210167,BSB507190000,주례동,
21,35.153836455693,129.004768236434,BSB211880301,양지공원,
21,35.150239545151,129.010267282533,BSB195750301,주례2동행정복지센터,
21,35.153822423855,129.003285974196,BSB195470301,주례현대아파트,
21,35.153985748817,129.003565111235,BSB195470101,주례현대아파트,
21,35.154231972793,129.005147042467,BSB195590301,양지공원,
21,35.148976846785,129.010386720631,BSB195700201,주례2동행정복지센터,
21,35.153324343247,129.001663510043,BSB195310101,주감초등학교,
21,35.150099271945,129.012802895576,BSB195810401,냉정역,
21,35.14974990135,129.01328342063,BSB213460101,냉정시장,
21,35.149425127468,129.012698512239,BSB195810201,냉정시장,
21,35.149138002586,129.012894420943,BSB195820201,냉정시장,
21,35.151085416123,129.013112467828,BSB195800102,냉정역1번출구,
21,35.151169889747,129.012908834436,BSB511490000,냉정역.동서대경남정보대,15701
21,35.15117295204,129.012996673087,BSB511610000,냉정역.동서대경남정보대,
21,35.151018339243,129.012157882889,BSB195740102,냉정역,
38070,35.15125,129.0132,GHB5154,냉정역.동서대경남정보대,6154
21,35.150704026206,129.011523091272,BSB195750401,트윈빌딩,
21,35.15115361733,129.014018148765,BSB195800104,성일주유소,
38070,35.15144,129.0136,GHB5155,냉정역.동서대경남정보대,6155
21,35.151546349336,129.013845253377,BSB511620000,냉정역.동서대경남정보대,
21,35.151549377864,129.013933121091,BSB511480000,냉정역.동서대경남정보대,15702
21,35.150903115987,129.010795583091,BSB195730101,냉정역5번출구,
21,35.15262101241,129.012272302887,BSB194670101,반도보라아파트,15108
21,35.151316893753,129.015881888637,BSB195800103,태화주유소,
21,35.148105958347,129.010307269507,BSB195700101,경남정보대입구,
21,35.152946968169,129.011989768695,BSB201580202,반도보라아파트,
21,35.152935812835,129.011578110052,BSB201580201,반도보라아파트,15107
21,35.151517434752,129.016395596653,BSB511470000,냉정고개,05733
21,35.151543089291,129.016478521947,BSB511600000,냉정고개,
38070,35.15162,129.0165,GHB5116,냉정고개,6116
21,35.15290976947,129.010973898235,BSB194670201,주양초등학교운동장,
21,35.153789018973,129.010994131607,BSB195610101,주례한일유앤아이아파트,
21,35.153829033493,129.015642529808,BSB172300202,신주례LG1차아파트106동,
21,35.153834426549,129.015733637767,BSB172300201,신주례엘지아파트,15109
21,35.153671077932,129.016197711936,BSB201580102,신주례LG아파트,
21,35.157373655573,128.974321799269,BSB201770101,부산낙동강정원,15086
38070,35.1574,128.9743,GHB5196,감전동수문앞,6196
38070,35.15747,128.9739,GHB5195,감전동수문앞,6195
21,35.15747575263,128.973884941191,BSB201750301,부산낙동강정원,15085
38070,35.15477,128.9734,GHB5472,부산전문장례식장,6472
21,35.154709029462,128.973496819492,BSB195010101,부산전문장례식장,15285
21,35.15969137183,128.976013999695,BSB194520101,산업용품상가,15084
21,35.155553260194,128.979114347225,BSB195000301,럭키슈퍼,15191
21,35.155290650351,128.97906473466,BSB196060201,럭키슈퍼,15232
21,35.157517640803,128.979202485313,BSB194960201,(구)대도운수종점,15257
21,35.157185342,128.9793641114,BSB209040101,감전동(종점),
21,35.156907854433,128.97948780235,BSB209040201,(구)대도운수종점,15256
21,35.156237867409,128.981947103455,BSB195460101,서감초등학교,15253
21,35.15648175813,128.983265921497,BSB194950301,감전시장,15092
38070,35.15648,128.9833,GHB5135,감전시장,6135
38070,35.15668,128.9834,GHB5151,감전시장,6151
21,35.156613684525,128.983584550155,BSB195260101,감전시장,15091
21,35.155178356245,128.981048955693,BSB194990401,제일약국,15227
21,35.15797059167,128.983259438905,BSB194950402,서감초등학교,15258
21,35.155083756412,128.980281924576,BSB196060202,감전동행정복지센터,15233
21,35.157309962876,128.984683243773,BSB194950201,감전시장입구,15090
38070,35.1584,128.9837,GHB5184,감전교회,6184
21,35.158423236884,128.983665766113,BSB201620302,감전교회,15088
21,35.157536650896,128.984757089787,BSB194580302,감전시장입구,15089
21,35.158529087904,128.980102086187,BSB194950401,산업용품유통상가,15259
38070,35.15929,128.9839,GHB5259,KEB하나은행,6259
21,35.156691806446,128.986574447145,BSB194950202,감전초등학교,15094
21,35.159734725432,128.984150864628,BSB194950101,KEB하나은행,15087
21,35.156860344856,128.98681816925,BSB194580301,감전초등학교,15093
21,35.155007198906,128.990705300939,BSB195130201,북부산세무서.감전역,15095
21,35.154861504625,128.990933458522,BSB195140101,북부산세무서.감전역,15096
21,35.155129376305,128.991520029101,BSB195130102,감전역,
38070,35.15509,128.9916,GHB5149,북부산세무서.감전역,6149
21,35.154544206118,128.990847507704,BSB195140102,북부산세무서,
38070,35.1552,128.9919,GHB5132,북부산세무서.감전역,6132
21,35.155000435742,128.991718890456,BSB195130101,북부산세무서.감전역,15097
21,35.155194286205,128.991924535987,BSB194920301,북부산세무서.감전역,15098
38070,35.1587,128.9879,GHB5182,삼대한의원,6182
21,35.158679485922,128.987857624349,BSB201620201,삼대한의원,15082
21,35.157919975841,128.993002475538,BSB213000104,사상근린공원,
21,35.157848238495,128.993072898447,BSB201600102,사상근린공원,15080
21,35.15897816655,128.987991338466,BSB194570301,삼대한의원,15081
38070,35.15895,128.9879,GHB5115,삼대한의원,6115
21,35.158089927461,128.99329435505,BSB194540303,사상근린공원,15079
21,35.156576371269,128.994149292192,BSB213000103,감전LH아파트,
21,35.155827210213,128.994737918017,BSB201600103,사상종합복지관,15099
21,35.155320975874,128.995190129749,BSB213000107,사상구종합사회복지관,
21,35.155497856398,128.995504876027,BSB194540302,주감중학교,15100
21,35.155559023297,128.995457661066,BSB194540305,주감중학교,
21,35.155018009829,128.99927488912,BSB195880202,주례청구아파트정문,
21,35.154527203183,128.996003039032,BSB213000106,벽산신화아파트,
21,35.155505633377,129.001151270434,BSB195880201,주례청구아파트110동,
21,35.154958718845,129.002344878222,BSB195340201,주례청구아파트후문,
21,35.156274181458,129.004424837693,BSB195530101,양지마을,
21,35.155418055253,129.00491570656,BSB195560101,창신주택,
21,35.155883038323,129.003942145931,BSB195510101,백운사,
21,35.154977363905,129.003941874209,BSB195500101,양지1공원,
21,35.153919443427,129.002255057224,BSB195330101,주례동일2차아파트,
21,35.155419991095,129.013785256738,BSB201590102,주례한효아파트,
21,35.154749214932,129.013961674894,BSB201590101,신주례LG2차아파트,
21,35.154608568967,129.014290627256,BSB201580301,신주례LG1차아파트상가,
21,35.153692699251,129.016280871708,BSB201580101,신주례엘지아파트,15110
21,35.163925382359,128.975800045442,BSB194970301,괘법르네시떼역.르네시떼,15208
38070,35.16393,128.9758,GHB5136,괘법르네시떼역.르네시떼,6136
38070,35.16383,128.9762,GHB5190,괘법르네시떼역.르네시떼,6190
21,35.163787597496,128.97624418649,BSB201700101,괘법르네시떼역.르네시떼,15202
21,35.163839486049,128.977101042254,BSB201710101,괘법르네시떼역.르네시떼,15068
21,35.163209445122,128.977792367847,BSB194560301,괘법르네시떼역.르네시떼,15069
21,35.163185823744,128.97793169866,BSB194560302,괘법르네시떼역.르네시떼,
21,35.165114027252,128.977950965797,BSB202000201,창진초등학교,
21,35.162309422073,128.981887603481,BSB196080101,파라곤호텔,15226
21,35.162392732722,128.983759043029,BSB201620401,서부시외버스터미널.사상역,15070
38070,35.16312,128.984,GHB5113,서부시외버스터미널.사상역,6113
21,35.163011826525,128.984100782096,BSB194550102,서부시외버스터미널.사상역,15072
21,35.163794572763,128.9837254686,BSB194550103,서부시외버스터미널.사상역,
21,35.163493322403,128.984174892475,BSB201620503,서부시외버스터미널.사상역,
21,35.163073127252,128.984378873298,BSB201620501,서부시외버스터미널.사상역,15074
38070,35.16363,128.9841,GHB5185,서부시외버스터미널.사상역,6185
21,35.163899630962,128.983997766267,BSB201620502,서부시외버스터미널.사상역,15076
21,35.160900274144,128.984045517372,BSB201620301,신한은행,15083
38070,35.16092,128.9841,GHB5183,신한은행,6183
21,35.162557585834,128.986347314098,BSB201630101,서부시외버스터미널.사상역,15073
21,35.166135707168,128.982553803648,BSB202020101,사상초등학교,15067
21,35.161758315594,128.986322625078,BSB514170000,서부시외버스터미널(사상역),15290
21,35.162748873109,128.986505823267,BSB518160000,서부시외버스터미널.사상역,
21,35.166416099355,128.98271564272,BSB194550302,사상초등학교,
38070,35.16658,128.9823,GHB5212,사상초등학교,6212
38070,35.16042,128.9862,GHB5262,사상우체국,6262
21,35.160411941323,128.986218375177,BSB201620202,사상우체국,15255
38070,35.16052,128.9864,GHB5258,사상우체국,6258
21,35.166732483095,128.982263663632,BSB202020102,사상초등학교,
21,35.160550823283,128.986487825923,BSB194570302,사상우체국,15254
21,35.166855392924,128.982528891952,BSB194550301,사상초등학교,15065
38070,35.16689,128.9824,GHB5114,사상초등학교,6114
21,35.162643657505,128.988459413107,BSB201630103,코레일사상역,
21,35.162733549733,128.988402956022,BSB201620101,코레일사상역,15249
21,35.166091730554,128.9889914475,BSB201600101,부산솔빛학교.능인사,15077
21,35.16620585403,128.989357373122,BSB194540304,부산솔빛학교.능인사,15078
38070,35.1684,128.9765,GHB5134,삼락생태공원,6134
21,35.168439724176,128.976570414251,BSB194940301,삼락생태공원,15061
21,35.169301070083,128.977038130157,BSB201990101,삼락생태공원,15062
21,35.170377513417,128.977105648185,BSB194940101,삼락생태공원,15060
38070,35.1704,128.9771,GHB5133,삼락생태공원,6133
21,35.167445785142,128.977971489484,BSB202000101,동원아파트앞,15064
21,35.166959979752,128.977812256023,BSB202000102,사상강변동원아파트,
21,35.170591881448,128.978510781031,BSB195160302,삼락생태공원,
21,35.169173254682,128.978999010086,BSB202010202,한신아파트 2차,15277
21,35.170051852997,128.978851211978,BSB202010102,동양한신아파트,
21,35.172467734636,128.976584757389,BSB519210000,삼덕초등학교,
21,35.167302387403,128.979067629851,BSB201990201,사상강변동원아파트,
21,35.168374162931,128.980576225592,BSB202010201,한신아파트 1차,15063
21,35.170977709779,128.982739197734,BSB201230303,덕포시장,
38070,35.17103,128.983,GHB5137,덕포시장,6137
21,35.171034911307,128.983079814749,BSB194980101,덕포시장,15054
21,35.171296811177,128.983157885728,BSB500920000,덕포시장,
21,35.17159758838,128.982946225804,BSB201230302,덕포시장,15052
38070,35.17161,128.9829,GHB5164,덕포시장,6164
21,35.171602279076,128.983266180341,BSB194980103,덕포시장,
21,35.171839112444,128.983056392092,BSB201230301,덕포시장,15051
38070,35.1725,128.9836,GHB5649,덕포시장.덕포역,6649
21,35.171838568291,128.979269399639,BSB202010101,덕포시장.사상생활사박물관,
21,35.172504455348,128.983623005906,BSB194980102,덕포시장.덕포역,15053
21,35.172824400586,128.983450271254,BSB201230304,덕포역,
21,35.172492447336,128.978961484408,BSB195160301,덕포시장.사상생활사박물관,
38070,35.16926,128.9903,GHB5450,덕포청구아파트,6450
21,35.169346433282,128.990288010574,BSB195250202,덕포청구아파트,
21,35.169312131955,128.990382799651,BSB195240301,덕포청구아파트,15229
21,35.168668488248,128.990571852673,BSB195250101,한전북부산지점,15231
38070,35.16866,128.9907,GHB5448,한전북부산지점,6448
21,35.169290097792,128.990700918554,BSB195250303,덕포청구아파트,
21,35.168898602478,128.988777226048,BSB201600301,신라대학교입구,15058
21,35.169027588196,128.988330402748,BSB201610301,신라대학교입구,15059
21,35.170117142491,128.98865868897,BSB201610101,신라대학교입구,15056
38070,35.17011,128.9886,GHB5451,신라대학교입구,6451
21,35.170345215784,128.990929679885,BSB195250302,덕포경동2차아파트,
21,35.17050027619,128.990815495851,BSB219290202,덕포경동2차아파트,
21,35.170416601194,128.988659434275,BSB504410000,남명아파트,
21,35.170812233435,128.990477392269,BSB219290201,덕포경동1차아파트,
21,35.170904720708,128.990334214246,BSB195250301,덕포경동1차아파트,
38070,35.17121,128.9882,GHB5447,남영아파트,6447
21,35.171206263944,128.98815004918,BSB201420301,남영아파트,15055
21,35.171381807568,128.988086950851,BSB201420302,남영아파트,
21,35.17211302754,128.988898722566,BSB195250304,오양힐타운아파트,
21,35.172847445609,128.98897428294,BSB218740102,오양힐타운아파트,
21,35.173437528963,128.989544699711,BSB219290101,덕포신익.벽산하나로아파트,
21,35.16702595777,128.99505959193,BSB208960201,신라대학교,15261
38070,35.16693,128.9951,GHB5449,신라대학교(종점),6449
21,35.176619203339,128.976133536353,BSB201490301,삼락동행정복지센터,15042
38070,35.17662,128.9762,GHB5178,삼락동주민센터,6178
21,35.177513034537,128.976496298336,BSB195170301,삼락동행정복지센터,15041
38070,35.17752,128.9765,GHB5150,삼락동주민센터,6150
21,35.173182390449,128.976969732636,BSB519200000,삼덕초등학교,
21,35.177785917659,128.978316321972,BSB195980101,사상중앙병원,
21,35.177411890305,128.97888318411,BSB517050000,사상우체국집배센터,
21,35.175185205826,128.979620119549,BSB195200302,사상소방서,
21,35.177242907843,128.979021773047,BSB517060000,사상우체국집배센터,
21,35.174807419168,128.984100838688,BSB201240302,덕포역.덕포2동행정복지센터,15045
38070,35.17563,128.9842,GHB5167,덕포역.덕포2동행정복지센터,6167
21,35.175091597624,128.980078465563,BSB195150102,사상소방서,
38070,35.1748,128.9843,GHB5160,덕포역.덕포2동행정복지센터,6160
21,35.174764643615,128.984393286868,BSB201230101,덕포역.덕포2동행정복지센터,15046
21,35.176595502071,128.980449386083,BSB195150101,북부운전면허시험장,
21,35.173271242642,128.983939112258,BSB194980104,덕포역,
21,35.176967241273,128.98003583772,BSB195200301,북부운전면허시험장,
21,35.177232921695,128.984973899572,BSB201230102,북부면허시험장,15040
21,35.173713223266,128.985462676998,BSB201220203,덕포초.부산도서관,
21,35.173483438433,128.985403258415,BSB201230202,덕포초.부산도서관,
38070,35.17343,128.9855,GHB5648,덕포초.부산도서관,6648
21,35.173436571079,128.985585232157,BSB201230201,덕포초.부산도서관,15050
38070,35.17793,128.985,GHB5161,북부면허시험장,6161
38070,35.17347,128.9862,GHB5654,덕포초.부산도서관,6654
21,35.173477821224,128.986283060689,BSB201220201,덕포초.부산도서관,15049
38070,35.1784,128.9849,GHB5166,북부면허시험장,6166
21,35.178416012822,128.984956902325,BSB201240301,북부면허시험장,15039
21,35.174986633958,128.989963334921,BSB218740202,덕상초등학교,
21,35.175791085986,128.989790415702,BSB218750102,덕상초등학교,
21,35.174986722427,128.988632347797,BSB201420101,부산항공고등학교,15048
38070,35.17503,128.9886,GHB5452,부산항공고등학교,6452
21,35.174023079672,128.989648132558,BSB218740101,덕포신익.벽산하나로아파트,
21,35.176596563921,128.989877187008,BSB218740201,모덕교회,
21,35.175740314813,128.98828850097,BSB201410301,부산항공고등학교,15047
38070,35.17577,128.9883,GHB5446,부산항공고등학교,6446
21,35.177219924075,128.989434962652,BSB218750101,모덕교회,
21,35.178417766102,128.989215111653,BSB211920401,사상도서관,
21,35.178489809623,128.989413831449,BSB218750201,사상도서관,
21,35.178359506642,128.988322047481,BSB201410302,부산북부고용노동지청,15038
38070,35.17836,128.9882,GHB5445,부산북부고용노동지청,6445
38070,35.17906,128.9886,GHB5453,부산북부고용노동지청,6453
21,35.179155756745,128.988676168298,BSB201410101,부산북부고용노동지청,15037
21,35.183525645111,128.976041968504,BSB194800301,서부주유소,15031
38070,35.18352,128.9761,GHB5130,서부주유소,6130
38070,35.18437,128.9768,GHB5177,서부주유소,6177
21,35.184366950606,128.976860679012,BSB201490101,서부주유소,15030
21,35.181464634522,128.9790512631,BSB210600201,조광페인트,
21,35.180279383631,128.97893731853,BSB195950101,조광페인트,
21,35.181800381554,128.979310651654,BSB195940101,구)부산솔빛학교,
21,35.178761652724,128.978386722336,BSB195960201,사상중앙병원,
21,35.182574879201,128.97961757043,BSB201510401,구)부산솔빛학교,
21,35.182154169281,128.980545854587,BSB210600101,캐슬스포츠센터,
21,35.181321135667,128.984664418228,BSB201520201,모덕역,
21,35.183750588923,128.982115848654,BSB505150000,부산조리고등학교,
21,35.183865939324,128.981745210118,BSB201470302,부산조리고등학교,
21,35.181751939361,128.985779426492,BSB201380202,청소년지원센터.모덕역,15033
38070,35.18175,128.9858,GHB5176,청소년지원센터.모덕역,6176
21,35.180609090161,128.985799777007,BSB201230103,청소년지원센터.모덕역,15034
38070,35.18059,128.9858,GHB5162,청소년지원센터.모덕역,6162
21,35.185184232164,128.982068345671,BSB201470301,선일정공,
21,35.184111181959,128.986661162989,BSB201240102,부산은행,
21,35.18151931481,128.990351424025,BSB201430101,자유아파트,
21,35.181046897439,128.988722023367,BSB201410102,자유아파트,15036
38070,35.18106,128.9886,GHB5454,자유아파트,6454
21,35.18123059488,128.988352129128,BSB201460301,자유아파트,15035
38070,35.18122,128.9883,GHB5444,자유아파트,6444
21,35.182682621486,128.990845381383,BSB211920101,모덕초등학교,
21,35.179992263905,128.990098470482,BSB211920102,자유아파트,
21,35.183670138657,128.990095218117,BSB201450101,동원아파트,15027
21,35.183611932798,128.99053390468,BSB201440201,사상구청소년센터,
38070,35.18379,128.9901,GHB5455,동원아파트,6455
21,35.183933430926,128.989867891941,BSB201440301,동원아파트,15026
38070,35.18395,128.9899,GHB5443,동원아파트,6443
21,35.184706943158,128.991109880559,BSB201440101,우신모라아파트,
38070,35.18488,128.9911,GHB5478,우신모라아파트,6478
21,35.184962033253,128.991214911345,BSB506680000,우신모라아파트,15289
21,35.184655154322,128.98679330533,BSB201240101,부산은행모라동지점,15028
38070,35.18457,128.9932,GHB5461,모라주공1단지,6461
38070,35.18469,128.9867,GHB5165,부산은행모라동지점,6165
21,35.184560412942,128.993281746328,BSB201210102,모라주공1단지,15023
21,35.184519172435,128.993366273719,BSB201210103,모라주공1단지,95007
21,35.184713252937,128.986494177812,BSB201380201,부산은행모라동지점,15029
38070,35.18467,128.9864,GHB5175,부산은행모라동지점,6175
21,35.185779503483,128.990846528585,BSB201210401,동원아파트,
21,35.184830317421,128.993328937467,BSB201400301,모라주공1단지,15022
21,35.18477572863,128.993415412687,BSB201400303,모라주공1단지,95011
38070,35.18486,128.9933,GHB5463,모라주공1단지,6463
21,35.185663611892,128.991570879022,BSB201210104,홈플러스모라점,95006
21,35.185770327157,128.991521550329,BSB201210101,홈플러스,15021
38070,35.18578,128.9915,GHB5460,홈플러스,6460
21,35.185712962564,128.991863610518,BSB201400304,홈플러스모라점,95012
21,35.183009894442,128.999484755851,BSB215370101,백양종합사회복지관,95009
21,35.182315122574,129.000628493876,BSB215380101,307동 308동,
21,35.184607136048,128.997169374483,BSB201400202,모라종합사회복지관,
21,35.184317235041,128.995747946577,BSB201400201,모라3동행정복지센터,
21,35.184779648933,128.998183462315,BSB210590201,모라종합사회복지관,
21,35.18452156423,128.995747841925,BSB201390201,모라3동행정복지센터,
21,35.184745416699,128.998892656577,BSB210590202,모라1단지종점,
21,35.182545552068,129.00222573405,BSB218610102,약수터,
21,35.185641405399,128.997051988828,BSB518910000,모라주공3.4단지,
21,35.185515700233,128.999178430485,BSB201260102,모라주공34단지,95008
21,35.183311417142,129.002233548328,BSB218610101,4단지관리사무소,
21,35.184565997859,129.001182546604,BSB196040101,모라주공아파트,15024
21,35.185516015808,128.999350163899,BSB201320101,모라주공3.4단지,15210
38070,35.18561,128.9994,GHB5171,모라주공3.4단지,6171
21,35.18474351985,129.001187546894,BSB196070201,모라주공아파트,15025
21,35.184717339403,129.001409126606,BSB196070202,시내버스종점,95010
21,35.185864116726,129.003723186232,BSB504490000,운수사입구,15288
38070,35.18638,128.9772,GHB5469,(주)대정.성지,6469
21,35.186353120631,128.977269580297,BSB194800302,(주)대정.성지,15281
38070,35.186,128.9775,GHB5470,(주)대정.성지,6470
21,35.185974621727,128.977545810615,BSB201490102,(주)대정.성지,15282
21,35.188599343377,128.982914232104,BSB201340302,보성정비,
21,35.18847090311,128.983328249079,BSB505130000,보성정비,
21,35.186526099601,128.982397321857,BSB201340301,농심부산공장,
21,35.186272878502,128.982725984176,BSB505110000,농심부산공장,
21,35.190225986626,128.980622173078,BSB194800101,금강화학,15011
38070,35.1902,128.9805,GHB5129,금강화학,6129
21,35.190542774476,128.983378615985,BSB201340303,부산벤처타워,
21,35.190321219681,128.980124337186,BSB194790301,금강화학,15010
38070,35.19032,128.9801,GHB5128,금강화학,6128
21,35.1909876237,128.984278621926,BSB505140000,부산벤처타워,
21,35.191807453323,128.984293073789,BSB194790201,롯데정비,
38070,35.18769,128.9875,GHB5173,모라전통시장,6173
21,35.187716763953,128.987537594012,BSB201350301,모라전통시장,15012
38070,35.18721,128.9875,GHB5174,모라전통시장,6174
21,35.187655143319,128.990615575144,BSB211980303,모라농협,95004
38070,35.18756,128.9906,GHB5254,모라농협,6254
21,35.187572073822,128.990613524312,BSB211980301,모라농협,15018
21,35.187506254895,128.988947284241,BSB201250602,모라역,
38070,35.18747,128.9909,GHB5158,모라농협,6158
21,35.186888945878,128.989667510645,BSB201210501,모라1동행정복지센터,
21,35.187439793459,128.990986769814,BSB201210803,모라농협,95013
21,35.18735352174,128.990974990672,BSB201210801,모라농협,15019
21,35.186791927702,128.989827651278,BSB201210701,모라1동행정복지센터,15015
38070,35.1868,128.9897,GHB5157,모라1동행정복지센터,6157
21,35.187754320899,128.988342847217,BSB201350201,모라동새마을금고앞,15032
21,35.188284232262,128.988414378445,BSB201250601,모라동새마을금고앞,15014
38070,35.18828,128.9884,GHB5647,모라동새마을금고앞,6647
21,35.187837558256,128.988296000459,BSB505120000,모라역,
38070,35.18773,128.9883,GHB5442,모라동새마을금고앞,6442
38070,35.18641,128.9895,GHB5168,신모라입구,6168
21,35.186407663783,128.989342914345,BSB201250302,모라1동행정복지센터,95005
21,35.186334121929,128.989421637201,BSB201250301,신모라입구,15203
21,35.187783392869,128.98788355391,BSB201360102,모라역,
21,35.189254769621,128.991132978818,BSB211980304,모라우성아파트,95003
38070,35.18934,128.9911,GHB5255,모라우성아파트,6255
21,35.18938244022,128.991165211223,BSB211980302,모라우성아파트,15016
38070,35.18924,128.9914,GHB5159,모라우성아파트,6159
21,35.187262313936,128.987652562119,BSB201360101,모라전통시장,15013
21,35.189275775538,128.991515866332,BSB201210802,모라우성아파트,15017
21,35.189356183389,128.991537455422,BSB201210804,모라우성아파트,95014
38070,35.18586,128.9918,GHB5462,홈플러스,6462
21,35.185842481315,128.991792242197,BSB201400302,홈플러스,15020
21,35.190331553125,128.989119456997,BSB201350101,모라역,15007
38070,35.19035,128.9891,GHB5172,모라역,6172
21,35.189223763409,128.992618723592,BSB211980201,삼정그린코아아파트,
21,35.190423531021,128.988855953792,BSB201270201,모라역,15009
38070,35.19043,128.9887,GHB5170,모라역,6170
21,35.19005986603,128.987220327429,BSB201350401,모라초등학교,
21,35.190313632622,128.993482417998,BSB211940401,모라화인아파트,
21,35.191464333833,128.992346187839,BSB201200101,모라119안전센터,15004
38070,35.19177,128.992,GHB5253,모라119안전센터,6253
21,35.1917459989,128.992076172487,BSB211970301,모라119안전센터,15005
21,35.191808371067,128.99246605893,BSB201200102,모라119안전센터,95015
38070,35.18603,128.9988,GHB5260,모라주공3.4단지,6260
21,35.186060147799,128.999403106219,BSB201320201,모라주공3.4단지,15209
21,35.190553403263,128.995117519748,BSB211960201,모라벽산아파트,
21,35.191025595291,128.994142973235,BSB518890000,모라벽산아파트 관리사무소,
21,35.185920298662,129.003595586817,BSB511070000,운수사입구,
38070,35.19353,128.9833,GHB5467,국제식품,6467
21,35.19351120245,128.983297109786,BSB194470301,국제식품,15269
21,35.192705265757,128.983398257652,BSB201340401,국제식품,
38070,35.19236,128.9825,GHB5468,국제식품,6468
21,35.192369232696,128.98259419314,BSB194800102,국제식품,15270
38070,35.19515,128.9853,GHB5247,삼락동,6247
21,35.195211983855,128.985410446653,BSB208950201,삼락동,15001
21,35.194959278278,128.985780560144,BSB194470101,삼락동,15002
38070,35.19506,128.9858,GHB5111,삼락동,6111
38070,35.19582,128.9862,GHB1315,북구청,2315
38070,35.19416,128.9904,GHB5169,북부자동차학원,6169
21,35.194135908793,128.99041203742,BSB201270101,북부자동차학원,08081
38070,35.1945,128.9933,GHB5094,구포현대아파트,6094
21,35.191990668898,128.992205343522,BSB211970302,모라119안전센터,95002
21,35.194532645398,128.99339438313,BSB182460302,구포현대아파트,95001
21,35.194584137287,128.993441288637,BSB182460301,구포현대아파트,08082
21,35.196621240693,128.987844964531,BSB208950101,북구청,15279
21,35.196535841514,128.987682393221,BSB182590102,북구청,95017
38070,35.19199,128.9925,GHB5156,모라119안전센터,6156
38070,35.19666,128.9877,GHB1357,북구청,2357
21,35.194561374995,128.993839684493,BSB211970102,구포현대아파트,95016
38070,35.19477,128.9938,GHB5252,구포현대아파트,6252
21,35.194689177828,128.993904910736,BSB211970101,구포현대아파트,08083
21,35.192428234786,128.993372110662,BSB211950301,협성아파트,
